3a0c3229-0718-11ed-817a-e883689a5a92.jpg,['MH12 DE1433']
3e764d2c-0718-11ed-89c4-e883689a5a92.jpg,['MH12 DE1433']
bc45da7c-081a-11ed-847a-e883689a5a92.jpg,['HR2GDO5551']
bdceec82-081a-11ed-a168-e883689a5a92.jpg,['HR26D05557']
d1158a8e-081a-11ed-9bc7-e883689a5a92.jpg,[]
d6922686-081a-11ed-8859-e883689a5a92.jpg,[]
dc1713b1-081a-11ed-9258-e883689a5a92.jpg,[]
dea3d4ca-081a-11ed-a432-e883689a5a92.jpg,[]
e0fcffdc-081a-11ed-8f5e-e883689a5a92.jpg,['L 65_K 606']
ec50d4c1-081a-11ed-8cf5-e883689a5a92.jpg,[]
eddc07bf-081a-11ed-86d9-e883689a5a92.jpg,[]
ef9215cb-081a-11ed-87af-e883689a5a92.jpg,[]
f12b3a62-081a-11ed-9b3e-e883689a5a92.jpg,[]
f29c3e62-081a-11ed-9693-e883689a5a92.jpg,[]
03eb5fac-081b-11ed-8fe6-e883689a5a92.jpg,"['MR 42 RL 040""']"
05c7b900-081b-11ed-9d6d-e883689a5a92.jpg,[]
07927d46-081b-11ed-8af2-e883689a5a92.jpg,[]
0977e357-081b-11ed-86ef-e883689a5a92.jpg,['HRL2 RL 8409']
0b0cfdce-081b-11ed-a88d-e883689a5a92.jpg,['HR 42 RL 8409']
b9084bdd-0bf8-11ed-9810-a7f431b5aa6b.jpg,['KL 65M3232']
bc2fb397-0bf8-11ed-a7d1-a7f431b5aa6b.jpg,[]
d731b350-0bf8-11ed-9014-a7f431b5aa6b.jpg,[]
dc0a31fc-0bf8-11ed-b716-a7f431b5aa6b.jpg,[]
e51ab2d9-0bf8-11ed-a83a-a7f431b5aa6b.jpg,['IN 66 AB 1719']
e6f48897-0bf8-11ed-b3c4-a7f431b5aa6b.jpg,['TN 66 AB 1719']
e97ce052-0bf8-11ed-a4d9-a7f431b5aa6b.jpg,['TN 66 AB 1719']
